{"cameraMode":{"drawMode":0,"name":"Shaded","section":"Shading Mode"},"sceneLighting":false,"audioPlay":false,"sceneViewState":{"showFog":true,"showMaterialUpdate":false,"showSkybox":false,"showFlares":true,"showImageEffects":true,"showParticleSystems":true},"in2DMode":false,"pivot":{"x":2.6700000762939455,"y":0.731491208076477,"z":0.0},"rotation":{"x":0.004309762269258499,"y":-0.4443967640399933,"z":0.002137667965143919,"w":0.8958171606063843},"size":4.679537296295166,"orthographic":false}